stratum	endpoint	n	events	expr_median	logrank_p	cox_cont_hr	cox_cont_lcl	cox_cont_ucl	cox_cont_p	status	cox_cont_fdr	logrank_fdr
ALL	OS	551	121	2.5895477855556	0.967635401499926	0.931479008055354	0.753675571944041	1.15122895679072	0.511298796415669	ok	0.756773531974429	0.991481919115373
ALL	PFI	596	153	2.58369894919028	0.546378315766047	1.05195834943668	0.870912892150241	1.27063955410899	0.599126902589102	ok	0.756773531974429	0.991481919115373
COAD	OS	403	94	2.66067766775564	0.816919732011478	0.963281067726976	0.760220181205504	1.22058114001894	0.756773531974429	ok	0.756773531974429	0.991481919115373
COAD	PFI	438	117	2.65553478086983	0.991481919115373	1.0812663881333	0.872720035148454	1.33964725802125	0.474804420973388	ok	0.756773531974429	0.991481919115373
READ	OS	148	27	2.45911472271625	0.578993785250624	0.794523616312234	0.484757734782587	1.30223353147938	0.361552355669566	ok	0.756773531974429	0.991481919115373
READ	PFI	158	36	2.45911472271625	0.64243416749455	0.906604279363168	0.59615490263579	1.37872106012312	0.646649448758588	ok	0.756773531974429	0.991481919115373
