cohort	n_samples	primary_probe	mean	sd	median	q1	q3	status
GSE39582	0	not_available						parse_failed/download_timeout
GSE17536	177	205945_at	6.687909396898306	0.5427249347828601	6.649365632	6.292273166	7.012135659	IL6R extracted
GSE17537	55	226333_at	6.736913022436364	0.8443081064171563	6.687013747	6.128574898	7.0670078185000005	IL6R extracted
GSE14333	290	217489_s_at	3.0305273968413795	1.222620661120076	2.9077565964999996	1.96939355925	4.0614549615	IL6R extracted
