cohort	endpoint	n	events	beta	se	HR	CI_low	CI_high	p	status	model
GSE17536	OS	177	73	-0.1088693560517867	0.12053222735149843	0.8968475775534198	0.7081406678207343	1.1358415268519149	0.3663992942877178	ok	univariable Cox PH, z-scored IL6R primary probe
GSE17536	DFS	145	36	0.002665800285984159	0.16754481651816364	1.0026693566910863	0.7220058482234646	1.3924344814117864	0.9873054195700857	ok	univariable Cox PH, z-scored IL6R primary probe
GSE17536	DSS	177	55	-0.08066957099531576	0.13831697207501345	0.9224984613378314	0.7034413067458603	1.2097717364756881	0.5597435227434682	ok	univariable Cox PH, z-scored IL6R primary probe
GSE17537	OS	55	20	0.28268671334386175	0.21879699862179372	1.3266894625985768	0.8640234200942822	2.0371032650689465	0.19635557585624475	ok	univariable Cox PH, z-scored IL6R primary probe
GSE17537	DFS	42	6	-0.5742212807100435	0.5177941525280615	0.5631432286003097	0.204109672426398	1.5537249761288894	0.26744054174658016	ok	univariable Cox PH, z-scored IL6R primary probe
