cohort	endpoint	n	events	HR_per_1SD_IL6R	CI_low	CI_high	p_value
GSE17536	OS	177	73	0.8971238277675908	0.7088323454312057	1.1354323311230516	0.3663992942877178
GSE17537	OS	55	20	1.3232688084001105	0.865177471743912	2.023908846996593	0.19635557585624475
GSE39582	OS	573	190	0.9932053254139368	0.8670902797865694	1.1376633338265725	0.9216096938265735
GSE17536	DFS	145	36	1.0026601238346502	0.7228186505376251	1.390843087931342	0.9873054195700857
GSE17537	DFS	42	6	0.5670293964201544	0.20803144735456805	1.5455467934932121	0.2674405417465805
GSE39582	DFS	536	147	0.9281254777494145	0.7857255924176494	1.0963330083178657	0.38009340470582853
GSE17536	DSS	177	55	0.9227090022035349	0.7041416569401802	1.2091202023853167	0.5597435227434677
