cohort	n_stage_I_II	n_stage_III_IV	median_stage_I_II	median_stage_III_IV	delta_median_III_IV_minus_I_II	wilcoxon_p
GSE14333	138	152	2.979960614	2.835824209	-0.1441364049999998	0.6350613259809654
GSE17536	81	96	6.643802591	6.6567783705	0.012975779499999618	0.6386137067024088
GSE17537	19	36	6.841487884	6.3781672910000005	-0.4633205929999997	0.2610308057709225
GSE39582	309	270	4.105536311	4.0435208925	-0.0620154184999997	0.4636903947647538
